ID,TIMESTAMP,QUESTION,TABLES_SELECTED,KEYWORDS_RAW,KEYWORDS_FINAL,RETRIES,SUCCESS,REASONING,RAW_RESULT,FINAL_RESULT
1,2026-04-14 11:00:12,"What are the top 5 countries in the world by happiness score, and what is their cost of living index?","2019.csv, Cost_of_Living_Index_by_Country_2024.csv","wellbeing, affordability, socioeconomic, prosperity","5, country, world, happiness, score, cost, living, index, wellbeing, affordability, socioeconomic, prosperity",0,True,"[tick] add: AgentWorkflowStartEvent(user_msg='You are a Data Architect. Your task is to select t...', chat_history=None, memory=None, max_iterations=None, early_stopping_method=None)
[init_run:0] started from AgentWorkflowStartEvent
[init_run:0] complete with AgentInput
[tick] add: AgentInput(input=[ChatMessage(role=<MessageRole.USER: 'user'>, additional_kwargs={}, blocks=[TextBlock(block_type='text', text='You are a Data Architect. Your task is to select the exact tables nee...
[setup_agent:0] started from AgentInput
[setup_agent:0] complete with AgentSetup
[tick] add: AgentSetup(input=[ChatMessage(role=<MessageRole.SYSTEM: 'system'>, additional_kwargs={}, blocks=[TextBlock(block_type='text', text=""You are a Data Architect. Inspect CSVs. AS SOON as you know which...
[run_agent_step:0] started from AgentSetup
[run_agent_step:0] complete with AgentOutput
[tick] add: AgentOutput(response=ChatMessage(role=<MessageRole.ASSISTANT: 'assistant'>, additional_kwargs={}, blocks=[ThinkingBlock(block_type='thinking', content='The user wants to find the top 5 countries by...
[parse_agent_output:0] started from AgentOutput
[tick] add: ToolCall(tool_name='inspect_columns', tool_kwargs={'file_name': '2019.csv'}, tool_id='2ed42cf0-83d7-45d2-8595-40cda861fa7d')
[call_tool:0] started from ToolCall
[parse_agent_output:0] complete with no result
[call_tool:0] complete with ToolCallResult
[tick] add: ToolCallResult(tool_name='inspect_columns', tool_kwargs={'file_name': '2019.csv'}, tool_id='2ed42cf0-83d7-45d2-8595-40cda861fa7d', tool_output=ToolOutput(blocks=[TextBlock(block_type='text', text=""...
[aggregate_tool_results:0] started from ToolCallResult
[aggregate_tool_results:0] complete with AgentInput
[tick] add: AgentInput(input=[ChatMessage(role=<MessageRole.USER: 'user'>, additional_kwargs={}, blocks=[TextBlock(block_type='text', text='You are a Data Architect. Your task is to select the exact tables nee...
[setup_agent:0] started from AgentInput
[setup_agent:0] complete with AgentSetup
[tick] add: AgentSetup(input=[ChatMessage(role=<MessageRole.SYSTEM: 'system'>, additional_kwargs={}, blocks=[TextBlock(block_type='text', text=""You are a Data Architect. Inspect CSVs. AS SOON as you know which...
[run_agent_step:0] started from AgentSetup
[run_agent_step:0] complete with AgentOutput
[tick] add: AgentOutput(response=ChatMessage(role=<MessageRole.ASSISTANT: 'assistant'>, additional_kwargs={}, blocks=[ThinkingBlock(block_type='thinking', content=""The user wants to find the top 5 countries by...
[parse_agent_output:0] started from AgentOutput
[tick] add: ToolCall(tool_name='inspect_columns', tool_kwargs={'file_name': 'Cost_of_Living_Index_by_Country_2024.csv'}, tool_id='9ef89a6d-92e6-44da-9554-8f43863cf519')
[call_tool:0] started from ToolCall
[parse_agent_output:0] complete with no result
[call_tool:0] complete with ToolCallResult
[tick] add: ToolCallResult(tool_name='inspect_columns', tool_kwargs={'file_name': 'Cost_of_Living_Index_by_Country_2024.csv'}, tool_id='9ef89a6d-92e6-44da-9554-8f43863cf519', tool_output=ToolOutput(blocks=[Tex...
[aggregate_tool_results:0] started from ToolCallResult
[aggregate_tool_results:0] complete with AgentInput
[tick] add: AgentInput(input=[ChatMessage(role=<MessageRole.USER: 'user'>, additional_kwargs={}, blocks=[TextBlock(block_type='text', text='You are a Data Architect. Your task is to select the exact tables nee...
[setup_agent:0] started from AgentInput
[setup_agent:0] complete with AgentSetup
[tick] add: AgentSetup(input=[ChatMessage(role=<MessageRole.SYSTEM: 'system'>, additional_kwargs={}, blocks=[TextBlock(block_type='text', text=""You are a Data Architect. Inspect CSVs. AS SOON as you know which...
[run_agent_step:0] started from AgentSetup
[run_agent_step:0] complete with AgentOutput
[tick] add: AgentOutput(response=ChatMessage(role=<MessageRole.ASSISTANT: 'assistant'>, additional_kwargs={}, blocks=[ThinkingBlock(block_type='thinking', content=""The user wants to find the top 5 countries by...
[parse_agent_output:0] started from AgentOutput
[tick] add: ToolCall(tool_name='find_exact_overlaps', tool_kwargs={'file_name_1': '2019.csv', 'file_name_2': 'Cost_of_Living_Index_by_Country_2024.csv'}, tool_id='01e85ec6-0e38-4956-8c62-39740f5913e1')
[call_tool:0] started from ToolCall
[parse_agent_output:0] complete with no result
[call_tool:0] complete with ToolCallResult
[tick] add: ToolCallResult(tool_name='find_exact_overlaps', tool_kwargs={'file_name_1': '2019.csv', 'file_name_2': 'Cost_of_Living_Index_by_Country_2024.csv'}, tool_id='01e85ec6-0e38-4956-8c62-39740f5913e1', t...
[aggregate_tool_results:0] started from ToolCallResult
[aggregate_tool_results:0] complete with AgentInput
[tick] add: AgentInput(input=[ChatMessage(role=<MessageRole.USER: 'user'>, additional_kwargs={}, blocks=[TextBlock(block_type='text', text='You are a Data Architect. Your task is to select the exact tables nee...
[setup_agent:0] started from AgentInput
[setup_agent:0] complete with AgentSetup
[tick] add: AgentSetup(input=[ChatMessage(role=<MessageRole.SYSTEM: 'system'>, additional_kwargs={}, blocks=[TextBlock(block_type='text', text=""You are a Data Architect. Inspect CSVs. AS SOON as you know which...
[run_agent_step:0] started from AgentSetup
[run_agent_step:0] complete with AgentOutput
[tick] add: AgentOutput(response=ChatMessage(role=<MessageRole.ASSISTANT: 'assistant'>, additional_kwargs={}, blocks=[ThinkingBlock(block_type='thinking', content='The user wants to find the top 5 countries by...
[parse_agent_output:0] started from AgentOutput
[tick] add: ToolCall(tool_name='confirm_table_selection', tool_kwargs={'selected_files': '2019.csv, Cost_of_Living_Index_by_Country_2024.csv', 'reasoning': '2019.csv contains the happiness scores and country n...
[call_tool:0] started from ToolCall
[parse_agent_output:0] complete with no result
[call_tool:0] complete with ToolCallResult
[tick] add: ToolCallResult(tool_name='confirm_table_selection', tool_kwargs={'selected_files': '2019.csv, Cost_of_Living_Index_by_Country_2024.csv', 'reasoning': '2019.csv contains the happiness scores and cou...
[aggregate_tool_results:0] started from ToolCallResult
[result] StopEvent(result=AgentOutput(response=ChatMessage(role=<MessageRole.ASSISTANT: 'assistant'>, additional_kwargs={}, blocks=[TextBlock(block_type='text', text='FINAL_PAYLOAD: {""tables"": ""2019.csv, Co...
[aggregate_tool_results:0] complete with StopEvent
","Country or region  Cost of Living Index
0           Finland                  63.2
1           Denmark                  72.3
2            Norway                  76.0
3           Iceland                  83.0
4       Netherlands                  63.1","The top five happiest countries are Finland, Denmark, Norway, Iceland, and the Netherlands, with cost of living indices of 63.2, 72.3, 76.0, 83.0, and 63.1, respectively."
2,2026-04-14 11:42:52,How many countries have a happiness score above 6 but a Local Purchasing Power Index (LPI) below 50?,"2019.csv, Cost_of_Living_Index_by_Country_2024.csv","wellbeing, socioeconomic, threshold, metric, prosperity","country, happiness, score, 6, local, purchasing, power, index, lpi, 50, wellbeing, socioeconomic",0,True,"[tick] add: AgentWorkflowStartEvent(user_msg='You are a Data Architect. Your task is to select t...', chat_history=None, memory=None, max_iterations=None, early_stopping_method=None)
[init_run:0] started from AgentWorkflowStartEvent
[init_run:0] complete with AgentInput
[tick] add: AgentInput(input=[ChatMessage(role=<MessageRole.USER: 'user'>, additional_kwargs={}, blocks=[TextBlock(block_type='text', text='You are a Data Architect. Your task is to select the exact tables nee...
[setup_agent:0] started from AgentInput
[setup_agent:0] complete with AgentSetup
[tick] add: AgentSetup(input=[ChatMessage(role=<MessageRole.SYSTEM: 'system'>, additional_kwargs={}, blocks=[TextBlock(block_type='text', text=""You are a Data Architect. Inspect CSVs. AS SOON as you know which...
[run_agent_step:0] started from AgentSetup
[run_agent_step:0] complete with AgentOutput
[tick] add: AgentOutput(response=ChatMessage(role=<MessageRole.ASSISTANT: 'assistant'>, additional_kwargs={}, blocks=[ThinkingBlock(block_type='thinking', content='The user wants to find the number of countrie...
[parse_agent_output:0] started from AgentOutput
[tick] add: ToolCall(tool_name='inspect_columns', tool_kwargs={'file_name': '2019.csv'}, tool_id='2162a524-2251-48a2-b366-9599001c71cd')
[call_tool:0] started from ToolCall
[parse_agent_output:0] complete with no result
[call_tool:0] complete with ToolCallResult
[tick] add: ToolCallResult(tool_name='inspect_columns', tool_kwargs={'file_name': '2019.csv'}, tool_id='2162a524-2251-48a2-b366-9599001c71cd', tool_output=ToolOutput(blocks=[TextBlock(block_type='text', text=""...
[aggregate_tool_results:0] started from ToolCallResult
[aggregate_tool_results:0] complete with AgentInput
[tick] add: AgentInput(input=[ChatMessage(role=<MessageRole.USER: 'user'>, additional_kwargs={}, blocks=[TextBlock(block_type='text', text='You are a Data Architect. Your task is to select the exact tables nee...
[setup_agent:0] started from AgentInput
[setup_agent:0] complete with AgentSetup
[tick] add: AgentSetup(input=[ChatMessage(role=<MessageRole.SYSTEM: 'system'>, additional_kwargs={}, blocks=[TextBlock(block_type='text', text=""You are a Data Architect. Inspect CSVs. AS SOON as you know which...
[run_agent_step:0] started from AgentSetup
[run_agent_step:0] complete with AgentOutput
[tick] add: AgentOutput(response=ChatMessage(role=<MessageRole.ASSISTANT: 'assistant'>, additional_kwargs={}, blocks=[ThinkingBlock(block_type='thinking', content='The user wants to find the number of countrie...
[parse_agent_output:0] started from AgentOutput
[parse_agent_output:0] complete with AgentInput
[tick] add: AgentInput(input=[4 items], current_agent_name='data_explorer')
[setup_agent:0] started from AgentInput
[setup_agent:0] complete with AgentSetup
[tick] add: AgentSetup(input=[5 items], current_agent_name='data_explorer')
[run_agent_step:0] started from AgentSetup
[run_agent_step:0] complete with AgentOutput
[tick] add: AgentOutput(response=ChatMessage(role=<MessageRole.ASSISTANT: 'assistant'>, additional_kwargs={}, blocks=[ThinkingBlock(block_type='thinking', content='The user wants to find the number of countrie...
[parse_agent_output:0] started from AgentOutput
[parse_agent_output:0] complete with AgentInput
[tick] add: AgentInput(input=[4 items], current_agent_name='data_explorer')
[setup_agent:0] started from AgentInput
[setup_agent:0] complete with AgentSetup
[tick] add: AgentSetup(input=[5 items], current_agent_name='data_explorer')
[run_agent_step:0] started from AgentSetup
[run_agent_step:0] complete with AgentOutput
[tick] add: AgentOutput(response=ChatMessage(role=<MessageRole.ASSISTANT: 'assistant'>, additional_kwargs={}, blocks=[ThinkingBlock(block_type='thinking', content='The user wants to find the number of countrie...
[parse_agent_output:0] started from AgentOutput
[parse_agent_output:0] complete with AgentInput
[tick] add: AgentInput(input=[4 items], current_agent_name='data_explorer')
[setup_agent:0] started from AgentInput
[setup_agent:0] complete with AgentSetup
[tick] add: AgentSetup(input=[5 items], current_agent_name='data_explorer')
[run_agent_step:0] started from AgentSetup
[run_agent_step:0] complete with AgentOutput
[tick] add: AgentOutput(response=ChatMessage(role=<MessageRole.ASSISTANT: 'assistant'>, additional_kwargs={}, blocks=[ThinkingBlock(block_type='thinking', content='The user wants to find the number of countrie...
[parse_agent_output:0] started from AgentOutput
[tick] add: ToolCall(tool_name='inspect_columns', tool_kwargs={'file_name': 'Cost_of_Living_Index_by_Country_2024.csv'}, tool_id='6a8942f7-7e37-4c20-b61c-f959f07316b6')
[call_tool:0] started from ToolCall
[parse_agent_output:0] complete with no result
[call_tool:0] complete with ToolCallResult
[tick] add: ToolCallResult(tool_name='inspect_columns', tool_kwargs={'file_name': 'Cost_of_Living_Index_by_Country_2024.csv'}, tool_id='6a8942f7-7e37-4c20-b61c-f959f07316b6', tool_output=ToolOutput(blocks=[Tex...
[aggregate_tool_results:0] started from ToolCallResult
[aggregate_tool_results:0] complete with AgentInput
[tick] add: AgentInput(input=[ChatMessage(role=<MessageRole.USER: 'user'>, additional_kwargs={}, blocks=[TextBlock(block_type='text', text='You are a Data Architect. Your task is to select the exact tables nee...
[setup_agent:0] started from AgentInput
[setup_agent:0] complete with AgentSetup
[tick] add: AgentSetup(input=[ChatMessage(role=<MessageRole.SYSTEM: 'system'>, additional_kwargs={}, blocks=[TextBlock(block_type='text', text=""You are a Data Architect. Inspect CSVs. AS SOON as you know which...
[run_agent_step:0] started from AgentSetup
[run_agent_step:0] complete with AgentOutput
[tick] add: AgentOutput(response=ChatMessage(role=<MessageRole.ASSISTANT: 'assistant'>, additional_kwargs={}, blocks=[ThinkingBlock(block_type='thinking', content=""The user wants to find the number of countrie...
[parse_agent_output:0] started from AgentOutput
[tick] add: ToolCall(tool_name='find_exact_overlaps', tool_kwargs={'file_name_1': '2019.csv', 'file_name_2': 'Cost_of_Living_Index_by_Country_2024.csv'}, tool_id='b94e1ad7-9136-4b25-b5e2-a8c01fce88c5')
[call_tool:0] started from ToolCall
[parse_agent_output:0] complete with no result
[call_tool:0] complete with ToolCallResult
[tick] add: ToolCallResult(tool_name='find_exact_overlaps', tool_kwargs={'file_name_1': '2019.csv', 'file_name_2': 'Cost_of_Living_Index_by_Country_2024.csv'}, tool_id='b94e1ad7-9136-4b25-b5e2-a8c01fce88c5', t...
[aggregate_tool_results:0] started from ToolCallResult
[aggregate_tool_results:0] complete with AgentInput
[tick] add: AgentInput(input=[ChatMessage(role=<MessageRole.USER: 'user'>, additional_kwargs={}, blocks=[TextBlock(block_type='text', text='You are a Data Architect. Your task is to select the exact tables nee...
[setup_agent:0] started from AgentInput
[setup_agent:0] complete with AgentSetup
[tick] add: AgentSetup(input=[ChatMessage(role=<MessageRole.SYSTEM: 'system'>, additional_kwargs={}, blocks=[TextBlock(block_type='text', text=""You are a Data Architect. Inspect CSVs. AS SOON as you know which...
[run_agent_step:0] started from AgentSetup
[run_agent_step:0] complete with AgentOutput
[tick] add: AgentOutput(response=ChatMessage(role=<MessageRole.ASSISTANT: 'assistant'>, additional_kwargs={}, blocks=[ThinkingBlock(block_type='thinking', content=""The user wants to find the number of countrie...
[parse_agent_output:0] started from AgentOutput
[tick] add: ToolCall(tool_name='confirm_table_selection', tool_kwargs={'selected_files': '2019.csv, Cost_of_Living_Index_by_Country_2024.csv', 'reasoning': '2019.csv contains the happiness score (Score) and 20...
[call_tool:0] started from ToolCall
[parse_agent_output:0] complete with no result
[call_tool:0] complete with ToolCallResult
[tick] add: ToolCallResult(tool_name='confirm_table_selection', tool_kwargs={'selected_files': '2019.csv, Cost_of_Living_Index_by_Country_2024.csv', 'reasoning': '2019.csv contains the happiness score (Score) ...
[aggregate_tool_results:0] started from ToolCallResult
[result] StopEvent(result=AgentOutput(response=ChatMessage(role=<MessageRole.ASSISTANT: 'assistant'>, additional_kwargs={}, blocks=[TextBlock(block_type='text', text='FINAL_PAYLOAD: {""tables"": ""2019.csv, Co...
[aggregate_tool_results:0] complete with StopEvent
",12,There are 12 countries that have a happiness score above 6 but a Local Purchasing Power Index (LPI) below 50.
3,2026-04-14 11:49:00,Which 5 Fire-type Pokémon have the highest Attack stat?,Pokemon.csv,"ability, defense, speed, elemental, damage","5, type, pokémon, highest, attack, stat, ability, defense, speed, elemental, damage",0,True,"[tick] add: AgentWorkflowStartEvent(user_msg='You are a Data Architect. Your task is to select t...', chat_history=None, memory=None, max_iterations=None, early_stopping_method=None)
[init_run:0] started from AgentWorkflowStartEvent
[init_run:0] complete with AgentInput
[tick] add: AgentInput(input=[ChatMessage(role=<MessageRole.USER: 'user'>, additional_kwargs={}, blocks=[TextBlock(block_type='text', text='You are a Data Architect. Your task is to select the exact tables nee...
[setup_agent:0] started from AgentInput
[setup_agent:0] complete with AgentSetup
[tick] add: AgentSetup(input=[ChatMessage(role=<MessageRole.SYSTEM: 'system'>, additional_kwargs={}, blocks=[TextBlock(block_type='text', text=""You are a Data Architect. Inspect CSVs. AS SOON as you know which...
[run_agent_step:0] started from AgentSetup
[run_agent_step:0] complete with AgentOutput
[tick] add: AgentOutput(response=ChatMessage(role=<MessageRole.ASSISTANT: 'assistant'>, additional_kwargs={}, blocks=[ThinkingBlock(block_type='thinking', content=""The user wants to find the 5 Fire-type Pokémo...
[parse_agent_output:0] started from AgentOutput
[tick] add: ToolCall(tool_name='inspect_columns', tool_kwargs={'file_name': 'Pokemon.csv'}, tool_id='d29fd6c5-3fae-4830-8846-df441a6f0e48')
[call_tool:0] started from ToolCall
[parse_agent_output:0] complete with no result
[call_tool:0] complete with ToolCallResult
[tick] add: ToolCallResult(tool_name='inspect_columns', tool_kwargs={'file_name': 'Pokemon.csv'}, tool_id='d29fd6c5-3fae-4830-8846-df441a6f0e48', tool_output=ToolOutput(blocks=[TextBlock(block_type='text', tex...
[aggregate_tool_results:0] started from ToolCallResult
[aggregate_tool_results:0] complete with AgentInput
[tick] add: AgentInput(input=[ChatMessage(role=<MessageRole.USER: 'user'>, additional_kwargs={}, blocks=[TextBlock(block_type='text', text='You are a Data Architect. Your task is to select the exact tables nee...
[setup_agent:0] started from AgentInput
[setup_agent:0] complete with AgentSetup
[tick] add: AgentSetup(input=[ChatMessage(role=<MessageRole.SYSTEM: 'system'>, additional_kwargs={}, blocks=[TextBlock(block_type='text', text=""You are a Data Architect. Inspect CSVs. AS SOON as you know which...
[run_agent_step:0] started from AgentSetup
[run_agent_step:0] complete with AgentOutput
[tick] add: AgentOutput(response=ChatMessage(role=<MessageRole.ASSISTANT: 'assistant'>, additional_kwargs={}, blocks=[ThinkingBlock(block_type='thinking', content=""The user wants to find the 5 Fire-type Pokémo...
[parse_agent_output:0] started from AgentOutput
[tick] add: ToolCall(tool_name='confirm_table_selection', tool_kwargs={'selected_files': 'Pokemon.csv', 'reasoning': 'The Pokemon.csv file contains the Name, Type 1, and Attack columns required to identify Fir...
[call_tool:0] started from ToolCall
[parse_agent_output:0] complete with no result
[call_tool:0] complete with ToolCallResult
[tick] add: ToolCallResult(tool_name='confirm_table_selection', tool_kwargs={'selected_files': 'Pokemon.csv', 'reasoning': 'The Pokemon.csv file contains the Name, Type 1, and Attack columns required to identi...
[aggregate_tool_results:0] started from ToolCallResult
[result] StopEvent(result=AgentOutput(response=ChatMessage(role=<MessageRole.ASSISTANT: 'assistant'>, additional_kwargs={}, blocks=[TextBlock(block_type='text', text='FINAL_PAYLOAD: {""tables"": ""Pokemon.csv""...
[aggregate_tool_results:0] complete with StopEvent
","Name  Attack
279      BlazikenMega Blaziken     160
615    DarmanitanStandard Mode     140
7    CharizardMega Charizard X     130
147                    Flareon     130
270                      Ho-oh     130","The five Fire-type Pokémon with the highest Attack stats are Mega Blaziken (160), Darmanitan (140), Mega Charizard X (130), Flareon (130), and Ho-oh (130)."
4,2026-04-14 11:50:19,What was the average cost of organic avocados sold in Chicago in 2017?,avocado.csv,"price, commodity, market, retail, produce","average, cost, organic, avocado, sold, chicago, 2017, price, commodity, market, retail, produce",0,True,"[tick] add: AgentWorkflowStartEvent(user_msg='You are a Data Architect. Your task is to select t...', chat_history=None, memory=None, max_iterations=None, early_stopping_method=None)
[init_run:0] started from AgentWorkflowStartEvent
[init_run:0] complete with AgentInput
[tick] add: AgentInput(input=[ChatMessage(role=<MessageRole.USER: 'user'>, additional_kwargs={}, blocks=[TextBlock(block_type='text', text='You are a Data Architect. Your task is to select the exact tables nee...
[setup_agent:0] started from AgentInput
[setup_agent:0] complete with AgentSetup
[tick] add: AgentSetup(input=[ChatMessage(role=<MessageRole.SYSTEM: 'system'>, additional_kwargs={}, blocks=[TextBlock(block_type='text', text=""You are a Data Architect. Inspect CSVs. AS SOON as you know which...
[run_agent_step:0] started from AgentSetup
[run_agent_step:0] complete with AgentOutput
[tick] add: AgentOutput(response=ChatMessage(role=<MessageRole.ASSISTANT: 'assistant'>, additional_kwargs={}, blocks=[ThinkingBlock(block_type='thinking', content='The user wants to find the average cost of or...
[parse_agent_output:0] started from AgentOutput
[tick] add: ToolCall(tool_name='inspect_columns', tool_kwargs={'file_name': 'avocado.csv'}, tool_id='26db1323-75fe-49b0-b74b-5f42c8992711')
[call_tool:0] started from ToolCall
[parse_agent_output:0] complete with no result
[call_tool:0] complete with ToolCallResult
[tick] add: ToolCallResult(tool_name='inspect_columns', tool_kwargs={'file_name': 'avocado.csv'}, tool_id='26db1323-75fe-49b0-b74b-5f42c8992711', tool_output=ToolOutput(blocks=[TextBlock(block_type='text', tex...
[aggregate_tool_results:0] started from ToolCallResult
[aggregate_tool_results:0] complete with AgentInput
[tick] add: AgentInput(input=[ChatMessage(role=<MessageRole.USER: 'user'>, additional_kwargs={}, blocks=[TextBlock(block_type='text', text='You are a Data Architect. Your task is to select the exact tables nee...
[setup_agent:0] started from AgentInput
[setup_agent:0] complete with AgentSetup
[tick] add: AgentSetup(input=[ChatMessage(role=<MessageRole.SYSTEM: 'system'>, additional_kwargs={}, blocks=[TextBlock(block_type='text', text=""You are a Data Architect. Inspect CSVs. AS SOON as you know which...
[run_agent_step:0] started from AgentSetup
[run_agent_step:0] complete with AgentOutput
[tick] add: AgentOutput(response=ChatMessage(role=<MessageRole.ASSISTANT: 'assistant'>, additional_kwargs={}, blocks=[ThinkingBlock(block_type='thinking', content='The user wants to find the average cost of or...
[parse_agent_output:0] started from AgentOutput
[tick] add: ToolCall(tool_name='preview_data', tool_kwargs={'file_name': 'avocado.csv', 'n_rows': 5}, tool_id='a6774813-b995-4def-8024-532a3ae79e17')
[call_tool:0] started from ToolCall
[parse_agent_output:0] complete with no result
[call_tool:0] complete with ToolCallResult
[tick] add: ToolCallResult(tool_name='preview_data', tool_kwargs={'file_name': 'avocado.csv', 'n_rows': 5}, tool_id='a6774813-b995-4def-8024-532a3ae79e17', tool_output=ToolOutput(blocks=[TextBlock(block_type='...
[aggregate_tool_results:0] started from ToolCallResult
[aggregate_tool_results:0] complete with AgentInput
[tick] add: AgentInput(input=[ChatMessage(role=<MessageRole.USER: 'user'>, additional_kwargs={}, blocks=[TextBlock(block_type='text', text='You are a Data Architect. Your task is to select the exact tables nee...
[setup_agent:0] started from AgentInput
[setup_agent:0] complete with AgentSetup
[tick] add: AgentSetup(input=[ChatMessage(role=<MessageRole.SYSTEM: 'system'>, additional_kwargs={}, blocks=[TextBlock(block_type='text', text=""You are a Data Architect. Inspect CSVs. AS SOON as you know which...
[run_agent_step:0] started from AgentSetup
[run_agent_step:0] complete with AgentOutput
[tick] add: AgentOutput(response=ChatMessage(role=<MessageRole.ASSISTANT: 'assistant'>, additional_kwargs={}, blocks=[ThinkingBlock(block_type='thinking', content='The user wants to find the average cost of or...
[parse_agent_output:0] started from AgentOutput
[tick] add: ToolCall(tool_name='confirm_table_selection', tool_kwargs={'selected_files': 'avocado.csv', 'reasoning': 'The avocado.csv file contains all the required information: AveragePrice, type (to filter f...
[call_tool:0] started from ToolCall
[parse_agent_output:0] complete with no result
[call_tool:0] complete with ToolCallResult
[tick] add: ToolCallResult(tool_name='confirm_table_selection', tool_kwargs={'selected_files': 'avocado.csv', 'reasoning': 'The avocado.csv file contains all the required information: AveragePrice, type (to fi...
[aggregate_tool_results:0] started from ToolCallResult
[result] StopEvent(result=AgentOutput(response=ChatMessage(role=<MessageRole.ASSISTANT: 'assistant'>, additional_kwargs={}, blocks=[TextBlock(block_type='text', text='FINAL_PAYLOAD: {""tables"": ""avocado.csv""...
[aggregate_tool_results:0] complete with StopEvent
",1.8233962264150942,The average cost of organic avocados sold in Chicago in 2017 was approximately $1.82.
5,2026-04-14 11:51:25,"In the 2024 cost of living data, how many countries have a 'Groceries Index' higher than the 'Rent Index'?",Cost_of_Living_Index_by_Country_2024.csv,"inflation, expenditure, affordability, economics, metrics","2024, cost, living, data, country, grocery, index, higher, rent, inflation, expenditure, affordability",0,True,"[tick] add: AgentWorkflowStartEvent(user_msg='You are a Data Architect. Your task is to select t...', chat_history=None, memory=None, max_iterations=None, early_stopping_method=None)
[init_run:0] started from AgentWorkflowStartEvent
[init_run:0] complete with AgentInput
[tick] add: AgentInput(input=[ChatMessage(role=<MessageRole.USER: 'user'>, additional_kwargs={}, blocks=[TextBlock(block_type='text', text='You are a Data Architect. Your task is to select the exact tables nee...
[setup_agent:0] started from AgentInput
[setup_agent:0] complete with AgentSetup
[tick] add: AgentSetup(input=[ChatMessage(role=<MessageRole.SYSTEM: 'system'>, additional_kwargs={}, blocks=[TextBlock(block_type='text', text=""You are a Data Architect. Inspect CSVs. AS SOON as you know which...
[run_agent_step:0] started from AgentSetup
[run_agent_step:0] complete with AgentOutput
[tick] add: AgentOutput(response=ChatMessage(role=<MessageRole.ASSISTANT: 'assistant'>, additional_kwargs={}, blocks=[ThinkingBlock(block_type='thinking', content='The user wants to find the number of countrie...
[parse_agent_output:0] started from AgentOutput
[tick] add: ToolCall(tool_name='inspect_columns', tool_kwargs={'file_name': 'Cost_of_Living_Index_by_Country_2024.csv'}, tool_id='cc779961-d20d-4242-9361-75dc18d5b9cc')
[call_tool:0] started from ToolCall
[parse_agent_output:0] complete with no result
[call_tool:0] complete with ToolCallResult
[tick] add: ToolCallResult(tool_name='inspect_columns', tool_kwargs={'file_name': 'Cost_of_Living_Index_by_Country_2024.csv'}, tool_id='cc779961-d20d-4242-9361-75dc18d5b9cc', tool_output=ToolOutput(blocks=[Tex...
[aggregate_tool_results:0] started from ToolCallResult
[aggregate_tool_results:0] complete with AgentInput
[tick] add: AgentInput(input=[ChatMessage(role=<MessageRole.USER: 'user'>, additional_kwargs={}, blocks=[TextBlock(block_type='text', text='You are a Data Architect. Your task is to select the exact tables nee...
[setup_agent:0] started from AgentInput
[setup_agent:0] complete with AgentSetup
[tick] add: AgentSetup(input=[ChatMessage(role=<MessageRole.SYSTEM: 'system'>, additional_kwargs={}, blocks=[TextBlock(block_type='text', text=""You are a Data Architect. Inspect CSVs. AS SOON as you know which...
[run_agent_step:0] started from AgentSetup
[run_agent_step:0] complete with AgentOutput
[tick] add: AgentOutput(response=ChatMessage(role=<MessageRole.ASSISTANT: 'assistant'>, additional_kwargs={}, blocks=[ThinkingBlock(block_type='thinking', content=""The user wants to find the number of countrie...
[parse_agent_output:0] started from AgentOutput
[tick] add: ToolCall(tool_name='confirm_table_selection', tool_kwargs={'selected_files': 'Cost_of_Living_Index_by_Country_2024.csv', 'reasoning': 'The file Cost_of_Living_Index_by_Country_2024.csv contains bot...
[call_tool:0] started from ToolCall
[parse_agent_output:0] complete with no result
[call_tool:0] complete with ToolCallResult
[tick] add: ToolCallResult(tool_name='confirm_table_selection', tool_kwargs={'selected_files': 'Cost_of_Living_Index_by_Country_2024.csv', 'reasoning': 'The file Cost_of_Living_Index_by_Country_2024.csv contai...
[aggregate_tool_results:0] started from ToolCallResult
[result] StopEvent(result=AgentOutput(response=ChatMessage(role=<MessageRole.ASSISTANT: 'assistant'>, additional_kwargs={}, blocks=[TextBlock(block_type='text', text='FINAL_PAYLOAD: {""tables"": ""Cost_of_Livi...
[aggregate_tool_results:0] complete with StopEvent
",121,"In the 2024 cost of living data, there are 121 countries where the Groceries Index is higher than the Rent Index."
6,2026-04-14 11:52:33,Which nations had the lowest score in well-being and life expectancy in 2017?,2017.csv,"countries, index, longevity, prosperity, metrics","nation, lowest, score, life, expectancy, 2017, countries, index, longevity, prosperity, metrics",0,True,"[tick] add: AgentWorkflowStartEvent(user_msg='You are a Data Architect. Your task is to select t...', chat_history=None, memory=None, max_iterations=None, early_stopping_method=None)
[init_run:0] started from AgentWorkflowStartEvent
[init_run:0] complete with AgentInput
[tick] add: AgentInput(input=[ChatMessage(role=<MessageRole.USER: 'user'>, additional_kwargs={}, blocks=[TextBlock(block_type='text', text='You are a Data Architect. Your task is to select the exact tables nee...
[setup_agent:0] started from AgentInput
[setup_agent:0] complete with AgentSetup
[tick] add: AgentSetup(input=[ChatMessage(role=<MessageRole.SYSTEM: 'system'>, additional_kwargs={}, blocks=[TextBlock(block_type='text', text=""You are a Data Architect. Inspect CSVs. AS SOON as you know which...
[run_agent_step:0] started from AgentSetup
[run_agent_step:0] complete with AgentOutput
[tick] add: AgentOutput(response=ChatMessage(role=<MessageRole.ASSISTANT: 'assistant'>, additional_kwargs={}, blocks=[ThinkingBlock(block_type='thinking', content='The user is asking for the nations with the l...
[parse_agent_output:0] started from AgentOutput
[tick] add: ToolCall(tool_name='inspect_columns', tool_kwargs={'file_name': '2017.csv'}, tool_id='e6ae6592-c8ee-4354-9697-8cee02dcb283')
[call_tool:0] started from ToolCall
[parse_agent_output:0] complete with no result
[call_tool:0] complete with ToolCallResult
[tick] add: ToolCallResult(tool_name='inspect_columns', tool_kwargs={'file_name': '2017.csv'}, tool_id='e6ae6592-c8ee-4354-9697-8cee02dcb283', tool_output=ToolOutput(blocks=[TextBlock(block_type='text', text=""...
[aggregate_tool_results:0] started from ToolCallResult
[aggregate_tool_results:0] complete with AgentInput
[tick] add: AgentInput(input=[ChatMessage(role=<MessageRole.USER: 'user'>, additional_kwargs={}, blocks=[TextBlock(block_type='text', text='You are a Data Architect. Your task is to select the exact tables nee...
[setup_agent:0] started from AgentInput
[setup_agent:0] complete with AgentSetup
[tick] add: AgentSetup(input=[ChatMessage(role=<MessageRole.SYSTEM: 'system'>, additional_kwargs={}, blocks=[TextBlock(block_type='text', text=""You are a Data Architect. Inspect CSVs. AS SOON as you know which...
[run_agent_step:0] started from AgentSetup
[run_agent_step:0] complete with AgentOutput
[tick] add: AgentOutput(response=ChatMessage(role=<MessageRole.ASSISTANT: 'assistant'>, additional_kwargs={}, blocks=[ThinkingBlock(block_type='thinking', content='The user is asking for the nations with the l...
[parse_agent_output:0] started from AgentOutput
[tick] add: ToolCall(tool_name='confirm_table_selection', tool_kwargs={'selected_files': '2017.csv', 'reasoning': 'The 2017.csv file contains the Country, Happiness.Score (well-being), and Health..Life.Expecta...
[call_tool:0] started from ToolCall
[parse_agent_output:0] complete with no result
[call_tool:0] complete with ToolCallResult
[tick] add: ToolCallResult(tool_name='confirm_table_selection', tool_kwargs={'selected_files': '2017.csv', 'reasoning': 'The 2017.csv file contains the Country, Happiness.Score (well-being), and Health..Life.E...
[aggregate_tool_results:0] started from ToolCallResult
[result] StopEvent(result=AgentOutput(response=ChatMessage(role=<MessageRole.ASSISTANT: 'assistant'>, additional_kwargs={}, blocks=[TextBlock(block_type='text', text='FINAL_PAYLOAD: {""tables"": ""2017.csv"", ""...
[aggregate_tool_results:0] complete with StopEvent
","['Lesotho', 'Central African Republic']","In 2017, Lesotho and the Central African Republic had the lowest scores in well-being and life expectancy."
7,2026-04-14 11:54:17,Compare the happiness score of Italy in 2015 with its happiness score in 2019. Did it improve?,"2015.csv, 2019.csv","well-being, trend, metric, delta, longitudinal","compare, happiness, score, italy, 2015, 2019, did, improve, well, being, trend, metric",0,True,"[tick] add: AgentWorkflowStartEvent(user_msg='You are a Data Architect. Your task is to select t...', chat_history=None, memory=None, max_iterations=None, early_stopping_method=None)
[init_run:0] started from AgentWorkflowStartEvent
[init_run:0] complete with AgentInput
[tick] add: AgentInput(input=[ChatMessage(role=<MessageRole.USER: 'user'>, additional_kwargs={}, blocks=[TextBlock(block_type='text', text='You are a Data Architect. Your task is to select the exact tables nee...
[setup_agent:0] started from AgentInput
[setup_agent:0] complete with AgentSetup
[tick] add: AgentSetup(input=[ChatMessage(role=<MessageRole.SYSTEM: 'system'>, additional_kwargs={}, blocks=[TextBlock(block_type='text', text=""You are a Data Architect. Inspect CSVs. AS SOON as you know which...
[run_agent_step:0] started from AgentSetup
[run_agent_step:0] complete with AgentOutput
[tick] add: AgentOutput(response=ChatMessage(role=<MessageRole.ASSISTANT: 'assistant'>, additional_kwargs={}, blocks=[ThinkingBlock(block_type='thinking', content='The user wants to compare the happiness score...
[parse_agent_output:0] started from AgentOutput
[tick] add: ToolCall(tool_name='inspect_columns', tool_kwargs={'file_name': '2015.csv'}, tool_id='0d345719-39ab-468e-8366-fbdd779b7d1f')
[call_tool:0] started from ToolCall
[parse_agent_output:0] complete with no result
[call_tool:0] complete with ToolCallResult
[tick] add: ToolCallResult(tool_name='inspect_columns', tool_kwargs={'file_name': '2015.csv'}, tool_id='0d345719-39ab-468e-8366-fbdd779b7d1f', tool_output=ToolOutput(blocks=[TextBlock(block_type='text', text=""...
[aggregate_tool_results:0] started from ToolCallResult
[aggregate_tool_results:0] complete with AgentInput
[tick] add: AgentInput(input=[ChatMessage(role=<MessageRole.USER: 'user'>, additional_kwargs={}, blocks=[TextBlock(block_type='text', text='You are a Data Architect. Your task is to select the exact tables nee...
[setup_agent:0] started from AgentInput
[setup_agent:0] complete with AgentSetup
[tick] add: AgentSetup(input=[ChatMessage(role=<MessageRole.SYSTEM: 'system'>, additional_kwargs={}, blocks=[TextBlock(block_type='text', text=""You are a Data Architect. Inspect CSVs. AS SOON as you know which...
[run_agent_step:0] started from AgentSetup
[run_agent_step:0] complete with AgentOutput
[tick] add: AgentOutput(response=ChatMessage(role=<MessageRole.ASSISTANT: 'assistant'>, additional_kwargs={}, blocks=[ThinkingBlock(block_type='thinking', content=""The user wants to compare the happiness score...
[parse_agent_output:0] started from AgentOutput
[tick] add: ToolCall(tool_name='inspect_columns', tool_kwargs={'file_name': '2019.csv'}, tool_id='572418f0-5ad9-4594-bee8-16fc52000682')
[call_tool:0] started from ToolCall
[parse_agent_output:0] complete with no result
[call_tool:0] complete with ToolCallResult
[tick] add: ToolCallResult(tool_name='inspect_columns', tool_kwargs={'file_name': '2019.csv'}, tool_id='572418f0-5ad9-4594-bee8-16fc52000682', tool_output=ToolOutput(blocks=[TextBlock(block_type='text', text=""...
[aggregate_tool_results:0] started from ToolCallResult
[aggregate_tool_results:0] complete with AgentInput
[tick] add: AgentInput(input=[ChatMessage(role=<MessageRole.USER: 'user'>, additional_kwargs={}, blocks=[TextBlock(block_type='text', text='You are a Data Architect. Your task is to select the exact tables nee...
[setup_agent:0] started from AgentInput
[setup_agent:0] complete with AgentSetup
[tick] add: AgentSetup(input=[ChatMessage(role=<MessageRole.SYSTEM: 'system'>, additional_kwargs={}, blocks=[TextBlock(block_type='text', text=""You are a Data Architect. Inspect CSVs. AS SOON as you know which...
[run_agent_step:0] started from AgentSetup
[run_agent_step:0] complete with AgentOutput
[tick] add: AgentOutput(response=ChatMessage(role=<MessageRole.ASSISTANT: 'assistant'>, additional_kwargs={}, blocks=[ThinkingBlock(block_type='thinking', content=""The user wants to compare the happiness score...
[parse_agent_output:0] started from AgentOutput
[tick] add: ToolCall(tool_name='confirm_table_selection', tool_kwargs={'selected_files': '2015.csv, 2019.csv', 'reasoning': 'The user wants to compare the happiness score of Italy in 2015 and 2019. The files 2...
[call_tool:0] started from ToolCall
[parse_agent_output:0] complete with no result
[call_tool:0] complete with ToolCallResult
[tick] add: ToolCallResult(tool_name='confirm_table_selection', tool_kwargs={'selected_files': '2015.csv, 2019.csv', 'reasoning': 'The user wants to compare the happiness score of Italy in 2015 and 2019. The f...
[aggregate_tool_results:0] started from ToolCallResult
[result] StopEvent(result=AgentOutput(response=ChatMessage(role=<MessageRole.ASSISTANT: 'assistant'>, additional_kwargs={}, blocks=[TextBlock(block_type='text', text='FINAL_PAYLOAD: {""tables"": ""2015.csv, 20...
[aggregate_tool_results:0] complete with StopEvent
","In 2015, Italy's happiness score was 5.948. In 2019, it was 6.223. The score improved.","Yes, Italy's happiness score improved, increasing from 5.948 in 2015 to 6.223 in 2019."
8,2026-04-14 12:02:34,Is there a relationship between avocado prices and the happiness of a region?,"avocado.csv, 2019.csv","correlation, cost, well-being, locality, commodity","relationship, avocado, price, happiness, region, correlation, cost, well, being, locality, commodity",0,True,"[tick] add: AgentWorkflowStartEvent(user_msg='You are a Data Architect. Your task is to select t...', chat_history=None, memory=None, max_iterations=None, early_stopping_method=None)
[init_run:0] started from AgentWorkflowStartEvent
[init_run:0] complete with AgentInput
[tick] add: AgentInput(input=[ChatMessage(role=<MessageRole.USER: 'user'>, additional_kwargs={}, blocks=[TextBlock(block_type='text', text='You are a Data Architect. Your task is to select the exact tables nee...
[setup_agent:0] started from AgentInput
[setup_agent:0] complete with AgentSetup
[tick] add: AgentSetup(input=[ChatMessage(role=<MessageRole.SYSTEM: 'system'>, additional_kwargs={}, blocks=[TextBlock(block_type='text', text=""You are a Data Architect. Inspect CSVs. AS SOON as you know which...
[run_agent_step:0] started from AgentSetup
[run_agent_step:0] complete with AgentOutput
[tick] add: AgentOutput(response=ChatMessage(role=<MessageRole.ASSISTANT: 'assistant'>, additional_kwargs={}, blocks=[ThinkingBlock(block_type='thinking', content='The user is asking about the relationship bet...
[parse_agent_output:0] started from AgentOutput
[tick] add: ToolCall(tool_name='inspect_columns', tool_kwargs={'file_name': 'avocado.csv'}, tool_id='60ebf747-ef98-404a-bea2-e39ccb007a84')
[call_tool:0] started from ToolCall
[parse_agent_output:0] complete with no result
[call_tool:0] complete with ToolCallResult
[tick] add: ToolCallResult(tool_name='inspect_columns', tool_kwargs={'file_name': 'avocado.csv'}, tool_id='60ebf747-ef98-404a-bea2-e39ccb007a84', tool_output=ToolOutput(blocks=[TextBlock(block_type='text', tex...
[aggregate_tool_results:0] started from ToolCallResult
[aggregate_tool_results:0] complete with AgentInput
[tick] add: AgentInput(input=[ChatMessage(role=<MessageRole.USER: 'user'>, additional_kwargs={}, blocks=[TextBlock(block_type='text', text='You are a Data Architect. Your task is to select the exact tables nee...
[setup_agent:0] started from AgentInput
[setup_agent:0] complete with AgentSetup
[tick] add: AgentSetup(input=[ChatMessage(role=<MessageRole.SYSTEM: 'system'>, additional_kwargs={}, blocks=[TextBlock(block_type='text', text=""You are a Data Architect. Inspect CSVs. AS SOON as you know which...
[run_agent_step:0] started from AgentSetup
[run_agent_step:0] complete with AgentOutput
[tick] add: AgentOutput(response=ChatMessage(role=<MessageRole.ASSISTANT: 'assistant'>, additional_kwargs={}, blocks=[ThinkingBlock(block_type='thinking', content='The user wants to know if there\'s a relation...
[parse_agent_output:0] started from AgentOutput
[tick] add: ToolCall(tool_name='inspect_columns', tool_kwargs={'file_name': '2019.csv'}, tool_id='1fe5d012-f04f-47f9-8d02-163c0192ee5d')
[call_tool:0] started from ToolCall
[parse_agent_output:0] complete with no result
[call_tool:0] complete with ToolCallResult
[tick] add: ToolCallResult(tool_name='inspect_columns', tool_kwargs={'file_name': '2019.csv'}, tool_id='1fe5d012-f04f-47f9-8d02-163c0192ee5d', tool_output=ToolOutput(blocks=[TextBlock(block_type='text', text=""...
[aggregate_tool_results:0] started from ToolCallResult
[aggregate_tool_results:0] complete with AgentInput
[tick] add: AgentInput(input=[ChatMessage(role=<MessageRole.USER: 'user'>, additional_kwargs={}, blocks=[TextBlock(block_type='text', text='You are a Data Architect. Your task is to select the exact tables nee...
[setup_agent:0] started from AgentInput
[setup_agent:0] complete with AgentSetup
[tick] add: AgentSetup(input=[ChatMessage(role=<MessageRole.SYSTEM: 'system'>, additional_kwargs={}, blocks=[TextBlock(block_type='text', text=""You are a Data Architect. Inspect CSVs. AS SOON as you know which...
[run_agent_step:0] started from AgentSetup
[run_agent_step:0] complete with AgentOutput
[tick] add: AgentOutput(response=ChatMessage(role=<MessageRole.ASSISTANT: 'assistant'>, additional_kwargs={}, blocks=[ThinkingBlock(block_type='thinking', content='The user wants to find a relationship between...
[parse_agent_output:0] started from AgentOutput
[tick] add: ToolCall(tool_name='find_exact_overlaps', tool_kwargs={'file_name_1': 'avocado.csv', 'file_name_2': '2019.csv'}, tool_id='02b8ce01-c2b3-453b-a4fb-3ed63bf19967')
[call_tool:0] started from ToolCall
[parse_agent_output:0] complete with no result
[call_tool:0] complete with ToolCallResult
[tick] add: ToolCallResult(tool_name='find_exact_overlaps', tool_kwargs={'file_name_1': 'avocado.csv', 'file_name_2': '2019.csv'}, tool_id='02b8ce01-c2b3-453b-a4fb-3ed63bf19967', tool_output=ToolOutput(blocks=...
[aggregate_tool_results:0] started from ToolCallResult
[aggregate_tool_results:0] complete with AgentInput
[tick] add: AgentInput(input=[ChatMessage(role=<MessageRole.USER: 'user'>, additional_kwargs={}, blocks=[TextBlock(block_type='text', text='You are a Data Architect. Your task is to select the exact tables nee...
[setup_agent:0] started from AgentInput
[setup_agent:0] complete with AgentSetup
[tick] add: AgentSetup(input=[ChatMessage(role=<MessageRole.SYSTEM: 'system'>, additional_kwargs={}, blocks=[TextBlock(block_type='text', text=""You are a Data Architect. Inspect CSVs. AS SOON as you know which...
[run_agent_step:0] started from AgentSetup
[run_agent_step:0] complete with AgentOutput
[tick] add: AgentOutput(response=ChatMessage(role=<MessageRole.ASSISTANT: 'assistant'>, additional_kwargs={}, blocks=[ThinkingBlock(block_type='thinking', content='The user wants to know if there is a relation...
[parse_agent_output:0] started from AgentOutput
[tick] add: ToolCall(tool_name='confirm_table_selection', tool_kwargs={'selected_files': 'avocado.csv, 2019.csv', 'reasoning': 'avocado.csv contains the AveragePrice and region, while 2019.csv contains the hap...
[call_tool:0] started from ToolCall
[parse_agent_output:0] complete with no result
[call_tool:0] complete with ToolCallResult
[tick] add: ToolCallResult(tool_name='confirm_table_selection', tool_kwargs={'selected_files': 'avocado.csv, 2019.csv', 'reasoning': 'avocado.csv contains the AveragePrice and region, while 2019.csv contains t...
[aggregate_tool_results:0] started from ToolCallResult
[result] StopEvent(result=AgentOutput(response=ChatMessage(role=<MessageRole.ASSISTANT: 'assistant'>, additional_kwargs={}, blocks=[TextBlock(block_type='text', text='FINAL_PAYLOAD: {""tables"": ""avocado.csv,...
[aggregate_tool_results:0] complete with StopEvent
",ERROR_EMPTY: No matching records found for those filters,"I'm sorry, but I couldn't find any data to show a relationship between avocado prices and the happiness of a region."
9,2026-04-14 12:04:15,"Which country has the highest score in the world, and what is its local purchasing power index?","2019.csv, Cost_of_Living_Index_by_Country_2024.csv","nation, gdp, economy, ranking, metrics","country, highest, score, world, local, purchasing, power, index, nation, gdp, economy, ranking",0,False,"[tick] add: AgentWorkflowStartEvent(user_msg='You are a Data Architect. Your task is to select t...', chat_history=None, memory=None, max_iterations=None, early_stopping_method=None)
[init_run:0] started from AgentWorkflowStartEvent
[init_run:0] complete with AgentInput
[tick] add: AgentInput(input=[ChatMessage(role=<MessageRole.USER: 'user'>, additional_kwargs={}, blocks=[TextBlock(block_type='text', text='You are a Data Architect. Your task is to select the exact tables nee...
[setup_agent:0] started from AgentInput
[setup_agent:0] complete with AgentSetup
[tick] add: AgentSetup(input=[ChatMessage(role=<MessageRole.SYSTEM: 'system'>, additional_kwargs={}, blocks=[TextBlock(block_type='text', text=""You are a Data Architect. Inspect CSVs. AS SOON as you know which...
[run_agent_step:0] started from AgentSetup
[run_agent_step:0] complete with AgentOutput
[tick] add: AgentOutput(response=ChatMessage(role=<MessageRole.ASSISTANT: 'assistant'>, additional_kwargs={}, blocks=[ThinkingBlock(block_type='thinking', content='The user is asking for the country with the h...
[parse_agent_output:0] started from AgentOutput
[tick] add: ToolCall(tool_name='inspect_columns', tool_kwargs={'file_name': 'Cost_of_Living_Index_by_Country_2024.csv'}, tool_id='23543b89-af10-42b8-b558-203e32a7d648')
[call_tool:0] started from ToolCall
[parse_agent_output:0] complete with no result
[call_tool:0] complete with ToolCallResult
[tick] add: ToolCallResult(tool_name='inspect_columns', tool_kwargs={'file_name': 'Cost_of_Living_Index_by_Country_2024.csv'}, tool_id='23543b89-af10-42b8-b558-203e32a7d648', tool_output=ToolOutput(blocks=[Tex...
[aggregate_tool_results:0] started from ToolCallResult
[aggregate_tool_results:0] complete with AgentInput
[tick] add: AgentInput(input=[ChatMessage(role=<MessageRole.USER: 'user'>, additional_kwargs={}, blocks=[TextBlock(block_type='text', text='You are a Data Architect. Your task is to select the exact tables nee...
[setup_agent:0] started from AgentInput
[setup_agent:0] complete with AgentSetup
[tick] add: AgentSetup(input=[ChatMessage(role=<MessageRole.SYSTEM: 'system'>, additional_kwargs={}, blocks=[TextBlock(block_type='text', text=""You are a Data Architect. Inspect CSVs. AS SOON as you know which...
[run_agent_step:0] started from AgentSetup
[run_agent_step:0] complete with AgentOutput
[tick] add: AgentOutput(response=ChatMessage(role=<MessageRole.ASSISTANT: 'assistant'>, additional_kwargs={}, blocks=[ThinkingBlock(block_type='thinking', content='The user is asking for the country with the h...
[parse_agent_output:0] started from AgentOutput
[tick] add: ToolCall(tool_name='inspect_columns', tool_kwargs={'file_name': '2019.csv'}, tool_id='fa21821a-98f3-494b-910a-8ba58884e5a3')
[call_tool:0] started from ToolCall
[parse_agent_output:0] complete with no result
[call_tool:0] complete with ToolCallResult
[tick] add: ToolCallResult(tool_name='inspect_columns', tool_kwargs={'file_name': '2019.csv'}, tool_id='fa21821a-98f3-494b-910a-8ba58884e5a3', tool_output=ToolOutput(blocks=[TextBlock(block_type='text', text=""...
[aggregate_tool_results:0] started from ToolCallResult
[aggregate_tool_results:0] complete with AgentInput
[tick] add: AgentInput(input=[ChatMessage(role=<MessageRole.USER: 'user'>, additional_kwargs={}, blocks=[TextBlock(block_type='text', text='You are a Data Architect. Your task is to select the exact tables nee...
[setup_agent:0] started from AgentInput
[setup_agent:0] complete with AgentSetup
[tick] add: AgentSetup(input=[ChatMessage(role=<MessageRole.SYSTEM: 'system'>, additional_kwargs={}, blocks=[TextBlock(block_type='text', text=""You are a Data Architect. Inspect CSVs. AS SOON as you know which...
[run_agent_step:0] started from AgentSetup
[run_agent_step:0] complete with AgentOutput
[tick] add: AgentOutput(response=ChatMessage(role=<MessageRole.ASSISTANT: 'assistant'>, additional_kwargs={}, blocks=[ThinkingBlock(block_type='thinking', content='The user wants to find the country with the h...
[parse_agent_output:0] started from AgentOutput
[parse_agent_output:0] complete with AgentInput
[tick] add: AgentInput(input=[4 items], current_agent_name='data_explorer')
[setup_agent:0] started from AgentInput
[setup_agent:0] complete with AgentSetup
[tick] add: AgentSetup(input=[5 items], current_agent_name='data_explorer')
[run_agent_step:0] started from AgentSetup
[run_agent_step:0] complete with AgentOutput
[tick] add: AgentOutput(response=ChatMessage(role=<MessageRole.ASSISTANT: 'assistant'>, additional_kwargs={}, blocks=[ThinkingBlock(block_type='thinking', content='The user wants to find the country with the h...
[parse_agent_output:0] started from AgentOutput
[parse_agent_output:0] complete with AgentInput
[tick] add: AgentInput(input=[4 items], current_agent_name='data_explorer')
[setup_agent:0] started from AgentInput
[setup_agent:0] complete with AgentSetup
[tick] add: AgentSetup(input=[5 items], current_agent_name='data_explorer')
[run_agent_step:0] started from AgentSetup
[run_agent_step:0] complete with AgentOutput
[tick] add: AgentOutput(response=ChatMessage(role=<MessageRole.ASSISTANT: 'assistant'>, additional_kwargs={}, blocks=[ThinkingBlock(block_type='thinking', content='The user wants to find the country with the h...
[parse_agent_output:0] started from AgentOutput
[tick] add: ToolCall(tool_name='find_exact_overlaps', tool_kwargs={'file_name_1': '2019.csv', 'file_name_2': 'Cost_of_Living_Index_by_Country_2024.csv'}, tool_id='df0c5371-867f-4813-8e14-cf1ddae6a3b5')
[call_tool:0] started from ToolCall
[parse_agent_output:0] complete with no result
[call_tool:0] complete with ToolCallResult
[tick] add: ToolCallResult(tool_name='find_exact_overlaps', tool_kwargs={'file_name_1': '2019.csv', 'file_name_2': 'Cost_of_Living_Index_by_Country_2024.csv'}, tool_id='df0c5371-867f-4813-8e14-cf1ddae6a3b5', t...
[aggregate_tool_results:0] started from ToolCallResult
[aggregate_tool_results:0] complete with AgentInput
[tick] add: AgentInput(input=[ChatMessage(role=<MessageRole.USER: 'user'>, additional_kwargs={}, blocks=[TextBlock(block_type='text', text='You are a Data Architect. Your task is to select the exact tables nee...
[setup_agent:0] started from AgentInput
[setup_agent:0] complete with AgentSetup
[tick] add: AgentSetup(input=[ChatMessage(role=<MessageRole.SYSTEM: 'system'>, additional_kwargs={}, blocks=[TextBlock(block_type='text', text=""You are a Data Architect. Inspect CSVs. AS SOON as you know which...
[run_agent_step:0] started from AgentSetup
[run_agent_step:0] complete with AgentOutput
[tick] add: AgentOutput(response=ChatMessage(role=<MessageRole.ASSISTANT: 'assistant'>, additional_kwargs={}, blocks=[ThinkingBlock(block_type='thinking', content='The user wants to find the country with the h...
[parse_agent_output:0] started from AgentOutput
[tick] add: ToolCall(tool_name='confirm_table_selection', tool_kwargs={'selected_files': '2019.csv, Cost_of_Living_Index_by_Country_2024.csv', 'reasoning': '2019.csv contains the happiness score and country na...
[call_tool:0] started from ToolCall
[parse_agent_output:0] complete with no result
[call_tool:0] complete with ToolCallResult
[tick] add: ToolCallResult(tool_name='confirm_table_selection', tool_kwargs={'selected_files': '2019.csv, Cost_of_Living_Index_by_Country_2024.csv', 'reasoning': '2019.csv contains the happiness score and coun...
[aggregate_tool_results:0] started from ToolCallResult
[result] StopEvent(result=AgentOutput(response=ChatMessage(role=<MessageRole.ASSISTANT: 'assistant'>, additional_kwargs={}, blocks=[TextBlock(block_type='text', text='FINAL_PAYLOAD: {""tables"": ""2019.csv, Co...
[aggregate_tool_results:0] complete with StopEvent
","[EXECUTION ERROR]:
Traceback (most recent call last):
  File ""/home/gabriele.martinelli/LakeGen/LakeGen_T/coding/script.py"", line 5, in <module>
    df_cost = pd.read/csv('/home/gabriele.martinelli/LakeGen/LakeGen_T/Data/data_csv/Cost_of_Living_Index_by_Country_2024.csv')
              ^^^^^^^
AttributeError: module 'pandas' has no attribute 'read'",
10,2026-04-14 12:04:36,"Which country has the highest score in the world, and what is its local purchasing power index?","2019.csv, Cost_of_Living_Index_by_Country_2024.csv","nation, gdp, economy, ranking, metrics","country, highest, score, world, local, purchasing, power, index, nation, gdp, economy, ranking",1,True,"[tick] add: AgentWorkflowStartEvent(user_msg='You are a Data Architect. Your task is to select t...', chat_history=None, memory=None, max_iterations=None, early_stopping_method=None)
[init_run:0] started from AgentWorkflowStartEvent
[init_run:0] complete with AgentInput
[tick] add: AgentInput(input=[ChatMessage(role=<MessageRole.USER: 'user'>, additional_kwargs={}, blocks=[TextBlock(block_type='text', text='You are a Data Architect. Your task is to select the exact tables nee...
[setup_agent:0] started from AgentInput
[setup_agent:0] complete with AgentSetup
[tick] add: AgentSetup(input=[ChatMessage(role=<MessageRole.SYSTEM: 'system'>, additional_kwargs={}, blocks=[TextBlock(block_type='text', text=""You are a Data Architect. Inspect CSVs. AS SOON as you know which...
[run_agent_step:0] started from AgentSetup
[run_agent_step:0] complete with AgentOutput
[tick] add: AgentOutput(response=ChatMessage(role=<MessageRole.ASSISTANT: 'assistant'>, additional_kwargs={}, blocks=[ThinkingBlock(block_type='thinking', content='The user is asking for the country with the h...
[parse_agent_output:0] started from AgentOutput
[tick] add: ToolCall(tool_name='inspect_columns', tool_kwargs={'file_name': 'Cost_of_Living_Index_by_Country_2024.csv'}, tool_id='23543b89-af10-42b8-b558-203e32a7d648')
[call_tool:0] started from ToolCall
[parse_agent_output:0] complete with no result
[call_tool:0] complete with ToolCallResult
[tick] add: ToolCallResult(tool_name='inspect_columns', tool_kwargs={'file_name': 'Cost_of_Living_Index_by_Country_2024.csv'}, tool_id='23543b89-af10-42b8-b558-203e32a7d648', tool_output=ToolOutput(blocks=[Tex...
[aggregate_tool_results:0] started from ToolCallResult
[aggregate_tool_results:0] complete with AgentInput
[tick] add: AgentInput(input=[ChatMessage(role=<MessageRole.USER: 'user'>, additional_kwargs={}, blocks=[TextBlock(block_type='text', text='You are a Data Architect. Your task is to select the exact tables nee...
[setup_agent:0] started from AgentInput
[setup_agent:0] complete with AgentSetup
[tick] add: AgentSetup(input=[ChatMessage(role=<MessageRole.SYSTEM: 'system'>, additional_kwargs={}, blocks=[TextBlock(block_type='text', text=""You are a Data Architect. Inspect CSVs. AS SOON as you know which...
[run_agent_step:0] started from AgentSetup
[run_agent_step:0] complete with AgentOutput
[tick] add: AgentOutput(response=ChatMessage(role=<MessageRole.ASSISTANT: 'assistant'>, additional_kwargs={}, blocks=[ThinkingBlock(block_type='thinking', content='The user is asking for the country with the h...
[parse_agent_output:0] started from AgentOutput
[tick] add: ToolCall(tool_name='inspect_columns', tool_kwargs={'file_name': '2019.csv'}, tool_id='fa21821a-98f3-494b-910a-8ba58884e5a3')
[call_tool:0] started from ToolCall
[parse_agent_output:0] complete with no result
[call_tool:0] complete with ToolCallResult
[tick] add: ToolCallResult(tool_name='inspect_columns', tool_kwargs={'file_name': '2019.csv'}, tool_id='fa21821a-98f3-494b-910a-8ba58884e5a3', tool_output=ToolOutput(blocks=[TextBlock(block_type='text', text=""...
[aggregate_tool_results:0] started from ToolCallResult
[aggregate_tool_results:0] complete with AgentInput
[tick] add: AgentInput(input=[ChatMessage(role=<MessageRole.USER: 'user'>, additional_kwargs={}, blocks=[TextBlock(block_type='text', text='You are a Data Architect. Your task is to select the exact tables nee...
[setup_agent:0] started from AgentInput
[setup_agent:0] complete with AgentSetup
[tick] add: AgentSetup(input=[ChatMessage(role=<MessageRole.SYSTEM: 'system'>, additional_kwargs={}, blocks=[TextBlock(block_type='text', text=""You are a Data Architect. Inspect CSVs. AS SOON as you know which...
[run_agent_step:0] started from AgentSetup
[run_agent_step:0] complete with AgentOutput
[tick] add: AgentOutput(response=ChatMessage(role=<MessageRole.ASSISTANT: 'assistant'>, additional_kwargs={}, blocks=[ThinkingBlock(block_type='thinking', content='The user wants to find the country with the h...
[parse_agent_output:0] started from AgentOutput
[parse_agent_output:0] complete with AgentInput
[tick] add: AgentInput(input=[4 items], current_agent_name='data_explorer')
[setup_agent:0] started from AgentInput
[setup_agent:0] complete with AgentSetup
[tick] add: AgentSetup(input=[5 items], current_agent_name='data_explorer')
[run_agent_step:0] started from AgentSetup
[run_agent_step:0] complete with AgentOutput
[tick] add: AgentOutput(response=ChatMessage(role=<MessageRole.ASSISTANT: 'assistant'>, additional_kwargs={}, blocks=[ThinkingBlock(block_type='thinking', content='The user wants to find the country with the h...
[parse_agent_output:0] started from AgentOutput
[parse_agent_output:0] complete with AgentInput
[tick] add: AgentInput(input=[4 items], current_agent_name='data_explorer')
[setup_agent:0] started from AgentInput
[setup_agent:0] complete with AgentSetup
[tick] add: AgentSetup(input=[5 items], current_agent_name='data_explorer')
[run_agent_step:0] started from AgentSetup
[run_agent_step:0] complete with AgentOutput
[tick] add: AgentOutput(response=ChatMessage(role=<MessageRole.ASSISTANT: 'assistant'>, additional_kwargs={}, blocks=[ThinkingBlock(block_type='thinking', content='The user wants to find the country with the h...
[parse_agent_output:0] started from AgentOutput
[tick] add: ToolCall(tool_name='find_exact_overlaps', tool_kwargs={'file_name_1': '2019.csv', 'file_name_2': 'Cost_of_Living_Index_by_Country_2024.csv'}, tool_id='df0c5371-867f-4813-8e14-cf1ddae6a3b5')
[call_tool:0] started from ToolCall
[parse_agent_output:0] complete with no result
[call_tool:0] complete with ToolCallResult
[tick] add: ToolCallResult(tool_name='find_exact_overlaps', tool_kwargs={'file_name_1': '2019.csv', 'file_name_2': 'Cost_of_Living_Index_by_Country_2024.csv'}, tool_id='df0c5371-867f-4813-8e14-cf1ddae6a3b5', t...
[aggregate_tool_results:0] started from ToolCallResult
[aggregate_tool_results:0] complete with AgentInput
[tick] add: AgentInput(input=[ChatMessage(role=<MessageRole.USER: 'user'>, additional_kwargs={}, blocks=[TextBlock(block_type='text', text='You are a Data Architect. Your task is to select the exact tables nee...
[setup_agent:0] started from AgentInput
[setup_agent:0] complete with AgentSetup
[tick] add: AgentSetup(input=[ChatMessage(role=<MessageRole.SYSTEM: 'system'>, additional_kwargs={}, blocks=[TextBlock(block_type='text', text=""You are a Data Architect. Inspect CSVs. AS SOON as you know which...
[run_agent_step:0] started from AgentSetup
[run_agent_step:0] complete with AgentOutput
[tick] add: AgentOutput(response=ChatMessage(role=<MessageRole.ASSISTANT: 'assistant'>, additional_kwargs={}, blocks=[ThinkingBlock(block_type='thinking', content='The user wants to find the country with the h...
[parse_agent_output:0] started from AgentOutput
[tick] add: ToolCall(tool_name='confirm_table_selection', tool_kwargs={'selected_files': '2019.csv, Cost_of_Living_Index_by_Country_2024.csv', 'reasoning': '2019.csv contains the happiness score and country na...
[call_tool:0] started from ToolCall
[parse_agent_output:0] complete with no result
[call_tool:0] complete with ToolCallResult
[tick] add: ToolCallResult(tool_name='confirm_table_selection', tool_kwargs={'selected_files': '2019.csv, Cost_of_Living_Index_by_Country_2024.csv', 'reasoning': '2019.csv contains the happiness score and coun...
[aggregate_tool_results:0] started from ToolCallResult
[result] StopEvent(result=AgentOutput(response=ChatMessage(role=<MessageRole.ASSISTANT: 'assistant'>, additional_kwargs={}, blocks=[TextBlock(block_type='text', text='FINAL_PAYLOAD: {""tables"": ""2019.csv, Co...
[aggregate_tool_results:0] complete with StopEvent
","Country: Finland
Highest Score: 7.769
Local Purchasing Power Index: 118.0","Finland has the highest score in the world at 7.769, and its local purchasing power index is 118.0."
